{
  "Ridge Regression": {
    "cv_r2_mean": 0.6414236414167858,
    "cv_r2_std": 0.007497257284152403
  },
  "Lasso Regression": {
    "cv_r2_mean": 0.576935315575927,
    "cv_r2_std": 0.011003955503179865
  },
  "Random Forest": {
    "cv_r2_mean": 0.7844911993256648,
    "cv_r2_std": 0.005532860648353149
  },
  "Gradient Boosting": {
    "cv_r2_mean": 0.8083078709798521,
    "cv_r2_std": 0.004861427660069535
  },
  "XGBoost": {
    "cv_r2_mean": 0.8216302166358258,
    "cv_r2_std": 0.004735156917894521
  }
}